sku,post_title,post_content,stock,,,tags,,image
,MuscleBlaze BCAA 6000 powder,"BCAAs can help protect your muscles against the catabolic effects of dietin. When used in between extensive strength training or after it, they help in protein synthesis and in turn helps in muscle mass building. BCAA (particularly leucine) stimulate protein synthesis. They also help improve workout intensity. BCAAs in free form, require no digestion and are rapidly absorbed into the blood stream. They can be used as an immediate energy source during your workouts. BCAAs increase muscle retention and maximize fat loss much more effectively.",1000,,,bcaa,,mb1.jpg
,MuscleBlaze BCAA Pro,"BCAAs can help protect your muscles against the catabolic effects of dietin. When used in between extensive strength training or after it, they help in protein synthesis and in turn helps in muscle mass building. BCAA (particularly leucine) stimulate protein synthesis. They also help improve workout intensity. BCAAs in free form, require no digestion and are rapidly absorbed into the blood stream. They can be used as an immediate energy source during your workouts. BCAAs increase muscle retention and maximize fat loss much more effectively.",1000,,,bcaa,,mb2.jpg
,MuscleBlaze BCAA 6000 powder,"BCAAs can help protect your muscles against the catabolic effects of dietin. When used in between extensive strength training or after it, they help in protein synthesis and in turn helps in muscle mass building. BCAA (particularly leucine) stimulate protein synthesis. They also help improve workout intensity. BCAAs in free form, require no digestion and are rapidly absorbed into the blood stream. They can be used as an immediate energy source during your workouts. BCAAs increase muscle retention and maximize fat loss much more effectively.

",1000,,,bcaa,,mb3.jpg
,MuscleBlaze BCAA 6000 powder,"BCAAs can help protect your muscles against the catabolic effects of dietin. When used in between extensive strength training or after it, they help in protein synthesis and in turn helps in muscle mass building. BCAA (particularly leucine) stimulate protein synthesis. They also help improve workout intensity. BCAAs in free form, require no digestion and are rapidly absorbed into the blood stream. They can be used as an immediate energy source during your workouts. BCAAs increase muscle retention and maximize fat loss much more effectively.",1000,,,bcaa,,mb4.jpg
,MuscleBlaze BCAA 6000 powder,"BCAAs can help protect your muscles against the catabolic effects of dietin. When used in between extensive strength training or after it, they help in protein synthesis and in turn helps in muscle mass building. BCAA (particularly leucine) stimulate protein synthesis. They also help improve workout intensity. BCAAs in free form, require no digestion and are rapidly absorbed into the blood stream. They can be used as an immediate energy source during your workouts. BCAAs increase muscle retention and maximize fat loss much more effectively.",1000,,,bcaa,,mb5.jpg
,MuscleBlaze BCAA 6000 powder,"BCAAs can help protect your muscles against the catabolic effects of dietin. When used in between extensive strength training or after it, they help in protein synthesis and in turn helps in muscle mass building. BCAA (particularly leucine) stimulate protein synthesis. They also help improve workout intensity. BCAAs in free form, require no digestion and are rapidly absorbed into the blood stream. They can be used as an immediate energy source during your workouts. BCAAs increase muscle retention and maximize fat loss much more effectively.",1000,,,bcaa,,mb6.jpg
,MuscleBlaze BCAA 6000 powder,"BCAAs can help protect your muscles against the catabolic effects of dietin. When used in between extensive strength training or after it, they help in protein synthesis and in turn helps in muscle mass building. BCAA (particularly leucine) stimulate protein synthesis. They also help improve workout intensity. BCAAs in free form, require no digestion and are rapidly absorbed into the blood stream. They can be used as an immediate energy source during your workouts. BCAAs increase muscle retention and maximize fat loss much more effectively.",1000,,,bcaa,,mb7.jpg
,MuscleBlaze BCAA 6000 powder,"BCAAs can help protect your muscles against the catabolic effects of dietin. When used in between extensive strength training or after it, they help in protein synthesis and in turn helps in muscle mass building. BCAA (particularly leucine) stimulate protein synthesis. They also help improve workout intensity. BCAAs in free form, require no digestion and are rapidly absorbed into the blood stream. They can be used as an immediate energy source during your workouts. BCAAs increase muscle retention and maximize fat loss much more effectively.",1000,,,bcaa,,mb8.jpg
,MuscleBlaze BCAA 6000 powder,"BCAAs can help protect your muscles against the catabolic effects of dietin. When used in between extensive strength training or after it, they help in protein synthesis and in turn helps in muscle mass building. BCAA (particularly leucine) stimulate protein synthesis. They also help improve workout intensity. BCAAs in free form, require no digestion and are rapidly absorbed into the blood stream. They can be used as an immediate energy source during your workouts. BCAAs increase muscle retention and maximize fat loss much more effectively.",1000,,,bcaa,,mb9.jpg
,MuscleBlaze BCAA 6000 powder,"BCAAs can help protect your muscles against the catabolic effects of dietin. When used in between extensive strength training or after it, they help in protein synthesis and in turn helps in muscle mass building. BCAA (particularly leucine) stimulate protein synthesis. They also help improve workout intensity. BCAAs in free form, require no digestion and are rapidly absorbed into the blood stream. They can be used as an immediate energy source during your workouts. BCAAs increase muscle retention and maximize fat loss much more effectively.",1000,,,bcaa,,mb10.jpg
,Advance Nutratech Bcaa,"Advance Glutamine is an excellent post workout amino supplement for recovery from heavy workout. it relieves muscle soreness and revitalizes for next workout. Glutamine is the most abundant amino acid (a building block for proteins) in the body and one of the best supplements for promoting recovery and lean muscle building. Strenuous exercise can lower glutamine levels causing stress to the body and immune system, but with proper glutamine supplementation you can help your body recover and rebuild faster. Advance Glutamine is an excellent post workout amino supplement for recovery from a heavy workout. It helps relieve muscle soreness and revitalizes body for next session. It is also good for your small intestines as well as for improving your immune system. Advance Glutamine is a pure Glutamine with no harmful additives. It is best when taken after your workout so that it helps in your recovery. Per 2 scoops of Advance Glutamine contains 10gm Glutamine. All the ingredients are sourced from best international manufacturers and are lab tested for best results. Glutamine is the most abundant amino acid (a building block for proteins) in the body and one of the best supplements for promoting recovery and lean muscle building. Strenuous exercise can lower glutamine levels causing stress to the body and immune system, but with proper glutamine supplementation you can help your body recover and rebuild faster. Advance Glutamine is an excellent post workout amino supplement for recovery from a heavy workout. It helps relieve muscle soreness and revitalizes body for next session. It is also good for your small intestines as well as for improving your immune system. Advance Glutamine is a pure Glutamine with no harmful additives. It is best when taken after your workout so that it helps in your recovery. Per 2 scoops of Advance Glutamine contains 10gm Glutamine. All the ingredients are sourced from best international manufacturers and are lab tested for best results.",1000,,,bcaa,,ab1.jpg
,Advance Nutratech BCAA 600mg,"Advance Glutamine is an excellent post workout amino supplement for recovery from heavy workout. it relieves muscle soreness and revitalizes for next workout. Glutamine is the most abundant amino acid (a building block for proteins) in the body and one of the best supplements for promoting recovery and lean muscle building. Strenuous exercise can lower glutamine levels causing stress to the body and immune system, but with proper glutamine supplementation you can help your body recover and rebuild faster. Advance Glutamine is an excellent post workout amino supplement for recovery from a heavy workout. It helps relieve muscle soreness and revitalizes body for next session. It is also good for your small intestines as well as for improving your immune system. Advance Glutamine is a pure Glutamine with no harmful additives. It is best when taken after your workout so that it helps in your recovery. Per 2 scoops of Advance Glutamine contains 10gm Glutamine. All the ingredients are sourced from best international manufacturers and are lab tested for best results. Glutamine is the most abundant amino acid (a building block for proteins) in the body and one of the best supplements for promoting recovery and lean muscle building. Strenuous exercise can lower glutamine levels causing stress to the body and immune system, but with proper glutamine supplementation you can help your body recover and rebuild faster. Advance Glutamine is an excellent post workout amino supplement for recovery from a heavy workout. It helps relieve muscle soreness and revitalizes body for next session. It is also good for your small intestines as well as for improving your immune system. Advance Glutamine is a pure Glutamine with no harmful additives. It is best when taken after your workout so that it helps in your recovery. Per 2 scoops of Advance Glutamine contains 10gm Glutamine. All the ingredients are sourced from best international manufacturers and are lab tested for best results.",1000,,,bcaa,,ab2.jpg
,Advance Nutratech Creatine Unflavoured 300Grm + Glutamine 300Gm Unflav + Bcaa 200Gm Unflav With 60 Servings.,"Advance Glutamine is an excellent post workout amino supplement for recovery from heavy workout. it relieves muscle soreness and revitalizes for next workout. Glutamine is the most abundant amino acid (a building block for proteins) in the body and one of the best supplements for promoting recovery and lean muscle building. Strenuous exercise can lower glutamine levels causing stress to the body and immune system, but with proper glutamine supplementation you can help your body recover and rebuild faster. Advance Glutamine is an excellent post workout amino supplement for recovery from a heavy workout. It helps relieve muscle soreness and revitalizes body for next session. It is also good for your small intestines as well as for improving your immune system. Advance Glutamine is a pure Glutamine with no harmful additives. It is best when taken after your workout so that it helps in your recovery. Per 2 scoops of Advance Glutamine contains 10gm Glutamine. All the ingredients are sourced from best international manufacturers and are lab tested for best results. Glutamine is the most abundant amino acid (a building block for proteins) in the body and one of the best supplements for promoting recovery and lean muscle building. Strenuous exercise can lower glutamine levels causing stress to the body and immune system, but with proper glutamine supplementation you can help your body recover and rebuild faster. Advance Glutamine is an excellent post workout amino supplement for recovery from a heavy workout. It helps relieve muscle soreness and revitalizes body for next session. It is also good for your small intestines as well as for improving your immune system. Advance Glutamine is a pure Glutamine with no harmful additives. It is best when taken after your workout so that it helps in your recovery. Per 2 scoops of Advance Glutamine contains 10gm Glutamine. All the ingredients are sourced from best international manufacturers and are lab tested for best results.",1000,,,bcaa,,ab3.jpg
,Advance Nutratech Glutamine supplement powder 300gm,"Advance Glutamine is an excellent post workout amino supplement for recovery from heavy workout. it relieves muscle soreness and revitalizes for next workout. Glutamine is the most abundant amino acid (a building block for proteins) in the body and one of the best supplements for promoting recovery and lean muscle building. Strenuous exercise can lower glutamine levels causing stress to the body and immune system, but with proper glutamine supplementation you can help your body recover and rebuild faster. Advance Glutamine is an excellent post workout amino supplement for recovery from a heavy workout. It helps relieve muscle soreness and revitalizes body for next session. It is also good for your small intestines as well as for improving your immune system. Advance Glutamine is a pure Glutamine with no harmful additives. It is best when taken after your workout so that it helps in your recovery. Per 2 scoops of Advance Glutamine contains 10gm Glutamine. All the ingredients are sourced from best international manufacturers and are lab tested for best results. Glutamine is the most abundant amino acid (a building block for proteins) in the body and one of the best supplements for promoting recovery and lean muscle building. Strenuous exercise can lower glutamine levels causing stress to the body and immune system, but with proper glutamine supplementation you can help your body recover and rebuild faster. Advance Glutamine is an excellent post workout amino supplement for recovery from a heavy workout. It helps relieve muscle soreness and revitalizes body for next session. It is also good for your small intestines as well as for improving your immune system. Advance Glutamine is a pure Glutamine with no harmful additives. It is best when taken after your workout so that it helps in your recovery. Per 2 scoops of Advance Glutamine contains 10gm Glutamine. All the ingredients are sourced from best international manufacturers and are lab tested for best results.",1000,,,bcaa,,ab4.jpg
,Sinew Nutrition Micronised Creatine Monohydrate,"Sinew Nutrition Micronised Creatine Monohydrate 300gm / 0.66 lb – Unflavoured, creatine monohydrate is comprised of 100 % pure flavourless micronized creatine monohydrate with no fillers or additives which makes it’s efficiency more to go without a second thought. Creatine is a naturally happening molecule in the body that plays a pivotal role and provides explosive energy that drives periods of short burst power. 5 grams of Pure micronized creatine monohydrate per serving maximizes muscular development, helps pace recovery between sets. Direction of use: 1) Take one rounded teaspoon (5 grams) four times per day(20 grams) for initial 5 days 2) Take one rounded teaspoon (5 grams) two times daily (10 grams total) henceforth.*Dissolve it in juice or water as you may prefer / suggested by your trainer. Benefits of Creatine : 1) Creatine Monohydrate is 100 percent pure, flavorless, micronized creatine monohydrate with no fillers or additives : Creatine enables your muscles & are infused with the energy, your ATP reserve falls short of so that you can maximize your performance levels. 2) Maximizes Muscular Development : The cell voluminizing aftermath of creatine keeps your muscles hydrated, binding water inside them, giving you the heavy and beefed up look. You look larger with muscles that have improved strength , good endurance and rapid recovery time.3) Drives Explosive Muscle Power : This creatine comprises of significant muscle power.",1000,,,bcaa,,sb1.jpg
,Sinew Nutrition Instantized BCAA 2:1:1,"Sinew Nutrition Micronised Creatine Monohydrate 300gm / 0.66 lb – Unflavoured, creatine monohydrate is comprised of 100 % pure flavourless micronized creatine monohydrate with no fillers or additives which makes it’s efficiency more to go without a second thought. Creatine is a naturally happening molecule in the body that plays a pivotal role and provides explosive energy that drives periods of short burst power. 5 grams of Pure micronized creatine monohydrate per serving maximizes muscular development, helps pace recovery between sets. Direction of use: 1) Take one rounded teaspoon (5 grams) four times per day(20 grams) for initial 5 days 2) Take one rounded teaspoon (5 grams) two times daily (10 grams total) henceforth.*Dissolve it in juice or water as you may prefer / suggested by your trainer. Benefits of Creatine : 1) Creatine Monohydrate is 100 percent pure, flavorless, micronized creatine monohydrate with no fillers or additives : Creatine enables your muscles & are infused with the energy, your ATP reserve falls short of so that you can maximize your performance levels. 2) Maximizes Muscular Development : The cell voluminizing aftermath of creatine keeps your muscles hydrated, binding water inside them, giving you the heavy and beefed up look. You look larger with muscles that have improved strength , good endurance and rapid recovery time.3) Drives Explosive Muscle Power : This creatine comprises of significant muscle power.",1000,,,bcaa,,sb2.jpg
,Sinew Nutrition Instantized BCAA 2:1:1,"Sinew Nutrition Micronised Creatine Monohydrate 300gm / 0.66 lb – Unflavoured, creatine monohydrate is comprised of 100 % pure flavourless micronized creatine monohydrate with no fillers or additives which makes it’s efficiency more to go without a second thought. Creatine is a naturally happening molecule in the body that plays a pivotal role and provides explosive energy that drives periods of short burst power. 5 grams of Pure micronized creatine monohydrate per serving maximizes muscular development, helps pace recovery between sets. Direction of use: 1) Take one rounded teaspoon (5 grams) four times per day(20 grams) for initial 5 days 2) Take one rounded teaspoon (5 grams) two times daily (10 grams total) henceforth.*Dissolve it in juice or water as you may prefer / suggested by your trainer. Benefits of Creatine : 1) Creatine Monohydrate is 100 percent pure, flavorless, micronized creatine monohydrate with no fillers or additives : Creatine enables your muscles & are infused with the energy, your ATP reserve falls short of so that you can maximize your performance levels. 2) Maximizes Muscular Development : The cell voluminizing aftermath of creatine keeps your muscles hydrated, binding water inside them, giving you the heavy and beefed up look. You look larger with muscles that have improved strength , good endurance and rapid recovery time.3) Drives Explosive Muscle Power : This creatine comprises of significant muscle power.",1000,,,bcaa,,sb3.jpg
,Sinew Nutrition Micronised Creatine Monohydrate - 300g and Instantized BCAA 2:1:1,"Sinew Nutrition Micronised Creatine Monohydrate 300gm / 0.66 lb – Unflavoured, creatine monohydrate is comprised of 100 % pure flavourless micronized creatine monohydrate with no fillers or additives which makes it’s efficiency more to go without a second thought. Creatine is a naturally happening molecule in the body that plays a pivotal role and provides explosive energy that drives periods of short burst power. 5 grams of Pure micronized creatine monohydrate per serving maximizes muscular development, helps pace recovery between sets. Direction of use: 1) Take one rounded teaspoon (5 grams) four times per day(20 grams) for initial 5 days 2) Take one rounded teaspoon (5 grams) two times daily (10 grams total) henceforth.*Dissolve it in juice or water as you may prefer / suggested by your trainer. Benefits of Creatine : 1) Creatine Monohydrate is 100 percent pure, flavorless, micronized creatine monohydrate with no fillers or additives : Creatine enables your muscles & are infused with the energy, your ATP reserve falls short of so that you can maximize your performance levels. 2) Maximizes Muscular Development : The cell voluminizing aftermath of creatine keeps your muscles hydrated, binding water inside them, giving you the heavy and beefed up look. You look larger with muscles that have improved strength , good endurance and rapid recovery time.3) Drives Explosive Muscle Power : This creatine comprises of significant muscle power.",1000,,,bcaa,,sb4.jpg
,Sinew Nutrition Instantized BCAA 2:1:1,"Sinew Nutrition Micronised Creatine Monohydrate 300gm / 0.66 lb – Unflavoured, creatine monohydrate is comprised of 100 % pure flavourless micronized creatine monohydrate with no fillers or additives which makes it’s efficiency more to go without a second thought. Creatine is a naturally happening molecule in the body that plays a pivotal role and provides explosive energy that drives periods of short burst power. 5 grams of Pure micronized creatine monohydrate per serving maximizes muscular development, helps pace recovery between sets. Direction of use: 1) Take one rounded teaspoon (5 grams) four times per day(20 grams) for initial 5 days 2) Take one rounded teaspoon (5 grams) two times daily (10 grams total) henceforth.*Dissolve it in juice or water as you may prefer / suggested by your trainer. Benefits of Creatine : 1) Creatine Monohydrate is 100 percent pure, flavorless, micronized creatine monohydrate with no fillers or additives : Creatine enables your muscles & are infused with the energy, your ATP reserve falls short of so that you can maximize your performance levels. 2) Maximizes Muscular Development : The cell voluminizing aftermath of creatine keeps your muscles hydrated, binding water inside them, giving you the heavy and beefed up look. You look larger with muscles that have improved strength , good endurance and rapid recovery time.3) Drives Explosive Muscle Power : This creatine comprises of significant muscle power.",1000,,,bcaa,,sb5.jpg
,Six Pack Nutrition Instantised BCAA,"BCAAs can help protect your muscles against the catabolic effects of dieting. Do not shake. Gently stir only. When used in between extensive strength training or after it, they help in protein synthesis and in turn helps in muscle mass building. BCAA particularly leucine stimulate protein synthesis. They also help improve workout intensity. BCAAs in free form, require no digestion and are rapidly absorbed into the bloodstream. They can be used as an immediate energy source during your workouts. BCAAs increase muscle retention and maximize fat loss much more effectively. Nutrition fact use Six Pack Nutrition instantised BCAA in combination with XLR8 isotonic drink to get maximum results.

",1000,,,bcaa,,sib1.jpg
,Six Pack Nutrition Instantised BCAA,"BCAAs can help protect your muscles against the catabolic effects of dieting. Do not shake. Gently stir only. When used in between extensive strength training or after it, they help in protein synthesis and in turn helps in muscle mass building. BCAA particularly leucine stimulate protein synthesis. They also help improve workout intensity. BCAAs in free form, require no digestion and are rapidly absorbed into the bloodstream. They can be used as an immediate energy source during your workouts. BCAAs increase muscle retention and maximize fat loss much more effectively. Nutrition fact use Six Pack Nutrition instantised BCAA in combination with XLR8 isotonic drink to get maximum results.",1000,,,bcaa,,sib2.jpg
,Six Pack Nutrition Instantised BCAA,"BCAAs can help protect your muscles against the catabolic effects of dieting. Do not shake. Gently stir only. When used in between extensive strength training or after it, they help in protein synthesis and in turn helps in muscle mass building. BCAA particularly leucine stimulate protein synthesis. They also help improve workout intensity. BCAAs in free form, require no digestion and are rapidly absorbed into the bloodstream. They can be used as an immediate energy source during your workouts. BCAAs increase muscle retention and maximize fat loss much more effectively. Nutrition fact use Six Pack Nutrition instantised BCAA in combination with XLR8 isotonic drink to get maximum results.",1000,,,bcaa,,sib3.jpg
,Six Pack Nutrition Instantised BCAA,"BCAAs can help protect your muscles against the catabolic effects of dieting. Do not shake. Gently stir only. When used in between extensive strength training or after it, they help in protein synthesis and in turn helps in muscle mass building. BCAA particularly leucine stimulate protein synthesis. They also help improve workout intensity. BCAAs in free form, require no digestion and are rapidly absorbed into the bloodstream. They can be used as an immediate energy source during your workouts. BCAAs increase muscle retention and maximize fat loss much more effectively. Nutrition fact use Six Pack Nutrition instantised BCAA in combination with XLR8 isotonic drink to get maximum results.",1000,,,bcaa,,sib4.jpg
,,,,,,,,
,,,,,,,,
,,,,,,,,
,,,,,,,,
,,,,,,,,
,,,,,,,,
,,,,,,,,
